{
    "HUMBIO3A": [
        [
            0.33928179563258726,
            0.04613683225505011,
            0.24848488678331096
        ]
    ],
    "HUMBIO4A": [
        [
            0.2383759847380501,
            0.061876672825690676,
            0.2607066663173289
        ]
    ],
    "HUMBIO3B": [
        [
            0.3392733992360078,
            0.04618890785931394,
            0.24839637268525422
        ]
    ],
    "HUMBIO4B": [
        [
            0.238353798977349,
            0.062027641189848666,
            0.2604527764478825
        ]
    ],
    "CHEM31A": [
        [
            0.5612716049878475,
            0.26429095979717715,
            0.0
        ]
    ],
    "CHEM31B": [
        [
            0.6184615687572663,
            0.21978815874510588,
            0.022292940192844602
        ]
    ],
    "HUMBIO2B": [
        [
            0.363492440539178,
            0.18492114943106644,
            0.11627829307250621
        ]
    ],
    "HUMBIO2A": [
        [
            0.3635338015601778,
            0.18464019199442475,
            0.1167508824003447
        ]
    ],
    "SPANLANG2": [
        [
            0.050775474321938255,
            0.19368390091304158,
            0.1842448229143171
        ]
    ],
    "SPANLANG3": [
        [
            0.023491217399742914,
            0.222215638147615,
            0.1868272780240663
        ]
    ],
    "BIO41": [
        [
            0.5721393240185727,
            0.11491666925883502,
            0.11603781563898878
        ]
    ],
    "BIO42": [
        [
            0.5555436487599511,
            0.04347898240568118,
            0.19244852901286966
        ]
    ],
    "MATH19": [
        [
            0.35421335002954163,
            0.23975482138421528,
            0.0866077630611475
        ]
    ],
    "MATH20": [
        [
            0.4831128409128382,
            0.23561806880663055,
            0.04986553675891
        ]
    ],
    "CHEM31X": [
        [
            0.736097635932539,
            0.15003164683774795,
            0.024409664434906192
        ]
    ],
    "CHEM33": [
        [
            0.7146268887038557,
            0.12021912775543744,
            0.07183988449604307
        ]
    ],
    "PHYSICS22": [
        [
            0.27257279055340544,
            0.11068343491562715,
            0.2145408966079717
        ]
    ],
    "PHYSICS23": [
        [
            0.07624751070654744,
            0.1538466716291886,
            0.22724853787585036
        ]
    ],
    "MATH21": [
        [
            0.501147743937083,
            0.20561381732199263,
            0.06505144617311016
        ]
    ],
    "PHYSICS24": [
        [
            0.12611897830647145,
            0.10455070307029797,
            0.26767807281449324
        ]
    ],
    "MATH41": [
        [
            0.6919217812806762,
            0.06671913304157423,
            0.11611014533369586
        ]
    ],
    "MATH42": [
        [
            0.739753538593179,
            0.037245099712752416,
            0.12040375964439372
        ]
    ],
    "PHYSICS21": [
        [
            0.23555359103197912,
            0.11487696570021398,
            0.22021086695045453
        ]
    ],
    "ME104B": [
        [
            0.0,
            0.5402000113403986,
            0.0
        ]
    ],
    "<END>": [
        [
            0.5410237727219658,
            0.16530556744303546,
            0.11130186547551882
        ]
    ],
    "HUMBIO197": [
        [
            0.0,
            0.24832349070175122,
            0.18461512599826185
        ]
    ],
    "PHYSICS42": [
        [
            0.6195359426253023,
            0.1828869030466922,
            0.03346518715905111
        ]
    ],
    "PHYSICS43": [
        [
            0.33221613776878733,
            0.11061207726673893,
            0.16800064103475434
        ]
    ],
    "CHEM36": [
        [
            0.5037927374076017,
            0.033255363776918526,
            0.21825713779650796
        ]
    ],
    "CHEM130": [
        [
            0.36156762120427477,
            0.017645526162463256,
            0.27773989384448233
        ]
    ],
    "PHYSICS41": [
        [
            0.479876893448958,
            0.1806330526764529,
            0.08013082792396396
        ]
    ],
    "CHEM35": [
        [
            0.6097077992476677,
            0.10138204120372728,
            0.11974193525232416
        ]
    ],
    "CHEM131": [
        [
            0.6066652215433498,
            0.055650386899835945,
            0.1650615730848596
        ]
    ],
    "ECON50": [
        [
            0.10011681734419256,
            0.013785670401286572,
            0.3060094486320362
        ]
    ],
    "ECON51": [
        [
            0.01304922867822382,
            0.0684835772985268,
            0.28639122183713916
        ]
    ],
    "ECON102A": [
        [
            0.09212574100802422,
            0.06564765384292928,
            0.24695059595537686
        ]
    ],
    "ECON102B": [
        [
            0.011747349797376813,
            0.1556192157892411,
            0.19188255304113594
        ]
    ],
    "CS103": [
        [
            0.24440119481397715,
            0.09941980724836243,
            0.17166364643453122
        ]
    ],
    "CS109": [
        [
            0.26748122025863114,
            0.08484527483086263,
            0.17558866669091738
        ]
    ],
    "CS124": [
        [
            0.14269541415413092,
            0.16150468373885773,
            0.14429062975246232
        ]
    ],
    "CS106B": [
        [
            0.18526244855021112,
            0.2387640818185589,
            0.1015930213416358
        ]
    ],
    "CS107": [
        [
            0.244385720277006,
            0.09959250523137622,
            0.17140245135881954
        ]
    ],
    "CS106A": [
        [
            0.2317127449742521,
            0.1779147860073535,
            0.15125294036670453
        ]
    ],
    "PHYSICS44": [
        [
            0.4422928034498344,
            0.2501119873408475,
            0.03641376838883142
        ]
    ],
    "MATH52": [
        [
            0.2785294575214947,
            0.1549552767992382,
            0.13376760922128855
        ]
    ],
    "MATH53": [
        [
            0.31790337982046807,
            0.15284071764003843,
            0.12921548979547376
        ]
    ],
    "CME100": [
        [
            0.4847505069758401,
            0.1511416709108627,
            0.09133872743298532
        ]
    ],
    "CME102": [
        [
            0.545132727126615,
            0.12512713058818864,
            0.09313431610544227
        ]
    ],
    "ME101": [
        [
            0.30064760718130545,
            0.07298455607963024,
            0.2098255985306506
        ]
    ],
    "ME203": [
        [
            0.0380270898726668,
            0.14474406394966186,
            0.22309061505989655
        ]
    ],
    "ECON52": [
        [
            0.011718342992829199,
            0.15598501814092808,
            0.19139872090565796
        ]
    ],
    "CS110": [
        [
            0.24252342596975301,
            0.09928278974531744,
            0.16893332189199817
        ]
    ],
    "ME103D": [
        [
            0.038008744462035886,
            0.14492696185063825,
            0.22279377300878075
        ]
    ],
    "BIO150": [
        [
            0.0,
            0.5404022326188846,
            0.0
        ]
    ],
    "MATH51": [
        [
            0.4229901669314145,
            0.12300602862198823,
            0.13177382919372077
        ]
    ],
    "CS161": [
        [
            0.16615969958713964,
            0.13801397934842285,
            0.15861681729886315
        ]
    ],
    "MS&E193": [
        [
            0.0,
            0.22517023223008614,
            0.21868288622194926
        ]
    ],