{
    "0": [
        [
            0.0922087925352745,
            0.22715335056532102,
            0.05954854220118788,
            0.06016923176027332,
            0.1952134990915129,
            0.05426582130782374
        ]
    ],
    "1": [
        [
            0.050171243182027155,
            0.03637410344909978,
            0.006743817352618839,
            0.11190396257825831,
            0.07016728145644886,
            0.08930400148719701
        ]
    ],
    "2": [
        [
            0.1939815349826191,
            0.13299688646677257,
            0.19839520626547263,
            0.3106660698182343,
            0.1830310410602048,
            0.16257682163806636
        ]
    ]
}